# v1_template_match zones=537-540 westlands_xy=(16,220) scale=0.400 template_size=(1266x292) template_bbox_v1=(184, 770, 1474, 1086)
zone	feature	v1_count	westlands_count	missing_in_westlands	extra_in_westlands
537	river	0	80		0,1,2,3,4,10,11,13,14,20,21,22,23,24,25,26,27,30,31,32,33,34,35,36,37,38,39,40,41,42,43,44,45,46,48,49,50,51,52,53,54,55,56,57,60,61,62,63,64,65,66,67,69,70,71,72,73,74,75,79,80,81,82,83,84,85,86,87,88,89,90,91,92,93,94,95,96,97,98,99
537	road	15	0	20,30,31,38,39,41,42,47,48,52,53,63,86,95,96	
538	river	5	90	1,2,11	3,4,6,7,8,9,14,15,16,17,18,19,21,24,25,26,27,28,29,30,31,32,34,35,36,37,38,39,40,41,42,43,44,45,46,47,48,49,50,51,52,53,54,55,56,57,58,59,60,61,62,63,64,65,66,67,68,69,70,71,72,73,74,75,76,77,78,79,80,81,82,83,84,85,86,87,88,89,90,91,92,93,94,95,96,97,98,99
538	road	3	0	9,19,29	
539	river	17	86		0,1,2,3,6,7,8,9,11,12,13,14,16,17,18,19,20,21,22,23,24,27,28,30,31,32,33,34,35,37,40,41,42,43,44,45,49,52,57,58,59,62,65,67,68,69,70,71,72,73,75,77,78,79,80,81,85,87,88,89,90,91,92,93,94,95,97,98,99
539	road	9	6	2,3,12,21,22,31,40,41	54,60,63,64,84
540	river	0	85		0,1,2,4,5,10,11,12,13,14,20,21,22,23,24,25,26,31,32,33,34,35,36,37,38,39,40,41,42,43,44,45,46,47,48,49,50,51,52,53,54,55,56,57,58,59,60,61,62,63,64,65,66,67,68,70,71,72,73,74,75,76,77,78,79,80,81,82,83,84,85,86,87,88,89,90,91,92,93,94,95,96,97,98,99
540	road	7	4	59,68,69,77,78,87,97	17,18,27,30
