520	2e6d11fa94abb68aaac4b8df8331d5ab20dbd11fd9ad4348db0307b876b3686d
521	affe373bfc420b0e4a1b15eed6bc886b5e9cf18d3e0434cd629f6f8baaec1c0a
522	f5827f9a8716c5338e153baf09765984eb3a4ba4276f849c7cebdfe938b4186c
523	2fec87b4e9ed1750da20d88a7b8d2776e483442b87530720e8d2b27348438f65
524	44a43a400064ecd0a8ea8d740f0b091030405427c8070d0dcf62a9d26292d300
525	ef5e45113e1e80f771189b510a638af2af297e9133123268195eba2767ececf0
530	0ff3a064006f5ff94c128139abccaad39eef0d701cc5f62dd2700a4b608cf776
531	2c7bde2763ade01520456e22f3706820a4bc8cbec617ff9be14d035b3281f85f
532	a0ff54db3089ff73f26c0adb13331c0214b0f435da8465dcbdeb46a2d7080697
533	e37b7ae61b89da968addbd2086617a28eef1481ce6a75723ba3702b90ed4e865
534	c06ade3743be37d52389d58ec8a6d6b04291783e1f7fdece842ed2899547a5a3
535	7f0c1b09459cba6291289bc0f16039b94db194796612d46e3120c7cd95a96c75
536	6066c5dcbc2d4aabf14f68a887e6feb415416ece94d819820b28a1a0555be143
541	2319158ef7fc8f8a31daa4e7812389e980240673ec490e64f9ccc9d38c8fd83f
542	5a1a76ae396a0bfe333e089769af0d2240f530e2a2f5f4b7008a8fdd3773a612
543	9c8b5d2dc93a566723220a1644c19236e936df10b110f4f86bb75080f2c0de3e
544	6d362d919fa909ae7d4be16eabb08823222bb9e14f4ba5fbdddda69b1456104a
545	749d2777fcbcd74be9f076cad4e666815ffb009af31042b182e81de83ac6b503
